{"count":1,"gauges":{"Snake.CumulativeReward":{"count":24,"max":9.900023,"min":-4.60000038,"value":-4.60000038,"weightedAverage":-4.58313847}},"self":197.9295616,"total":198.2445228,"children":{"AgentSendState":{"count":9879,"self":0.1479878,"total":0.2639534,"children":{"CollectObservations":{"count":9879,"self":0.0968522,"total":0.0968522,"children":null},"CollectDiscreteActionMasks":{"count":9879,"self":0.0191134,"total":0.0191134,"children":null}}},"DecideAction":{"count":9879,"self":0.029425999999999997,"total":0.029425999999999997,"children":null},"AgentAct":{"count":9879,"self":0.019606699999999998,"total":0.019606699999999998,"children":null}}}