{"count":1,"gauges":{},"self":10.1062392,"total":11.405283299999999,"children":{"AgentSendState":{"count":531,"self":0.12005729999999999,"total":0.1863503,"children":{"CollectObservations":{"count":8496,"self":0.039463,"total":0.039463,"children":null},"CollectDiscreteActionMasks":{"count":8496,"self":0.02683,"total":0.02683,"children":null}}},"DecideAction":{"count":531,"self":1.108682,"total":1.108682,"children":null},"AgentAct":{"count":531,"self":0.0030120999999999998,"total":0.0030120999999999998,"children":null}}}