{"count":1,"gauges":{"neuronalSnake.CumulativeReward":{"count":1,"max":27.5988827,"min":27.5988827,"value":27.5988827,"weightedAverage":27.5988827}},"self":19.1364576,"total":24.0763277,"children":{"AgentSendState":{"count":1155,"self":0.088534599999999991,"total":0.250063,"children":{"CollectObservations":{"count":1155,"self":0.158526,"total":0.158526,"children":null},"CollectDiscreteActionMasks":{"count":1155,"self":0.0030023999999999997,"total":0.0030023999999999997,"children":null}}},"DecideAction":{"count":1155,"self":4.674944,"total":4.6749439,"children":null},"AgentAct":{"count":1155,"self":0.013864699999999999,"total":0.013864699999999999,"children":null}}}