{"count":1,"gauges":{"neuronalSnake.CumulativeReward":{"count":10,"max":-782.499939,"min":-1833.30627,"value":-893.1661,"weightedAverage":-1201.886}},"self":8.9705792,"total":51.353892599999995,"children":{"AgentSendState":{"count":3884,"self":0.2065775,"total":0.7202841,"children":{"CollectObservations":{"count":3884,"self":0.34801719999999997,"total":0.34801719999999997,"children":null},"CollectDiscreteActionMasks":{"count":3884,"self":0.0159497,"total":0.0159497,"children":null},"AgentInfo.ToProto":{"count":3884,"self":0.0679018,"total":0.1497397,"children":{"GenerateSensorData":{"count":3884,"self":0.081837899999999991,"total":0.081837899999999991,"children":null}}}}},"DecideAction":{"count":3884,"self":41.627151999999995,"total":41.6271517,"children":null},"AgentAct":{"count":3884,"self":0.0338811,"total":0.0338811,"children":null},"AgentInfo.ToProto":{"count":10,"self":0,"total":0,"children":{"GenerateSensorData":{"count":10,"self":0,"total":0,"children":null}}}}}