{"count":1,"gauges":{"Snake.CumulativeReward":{"count":75,"max":27.7999649,"min":-15.299983,"value":-4.8,"weightedAverage":-9.247994}},"self":33.8287968,"total":54.721148299999996,"children":{"AgentSendState":{"count":2699,"self":19.9830576,"total":20.8395297,"children":{"CollectObservations":{"count":43184,"self":0.6311176,"total":0.6311176,"children":null},"CollectDiscreteActionMasks":{"count":43184,"self":0.22535429999999998,"total":0.22535429999999998,"children":null}}},"DecideAction":{"count":2699,"self":0.0200181,"total":0.0200181,"children":null},"AgentAct":{"count":2699,"self":0.0318028,"total":0.0318028,"children":null}}}