{"count":1,"gauges":{"neuronalSnake.CumulativeReward":{"count":2,"max":48.2910538,"min":2.19937944,"value":48.2910538,"weightedAverage":13.7222977}},"self":65.8804096,"total":68.8305396,"children":{"AgentSendState":{"count":3378,"self":0.10274549999999999,"total":0.2153583,"children":{"CollectObservations":{"count":562,"self":0.10862029999999999,"total":0.10862029999999999,"children":null},"CollectDiscreteActionMasks":{"count":562,"self":0.0039924999999999995,"total":0.0039924999999999995,"children":null}}},"DecideAction":{"count":3378,"self":2.7098344,"total":2.7098344,"children":null},"AgentAct":{"count":3378,"self":0.0239396,"total":0.0239396,"children":null}}}