{"count":1,"gauges":{"neuronalSnake.CumulativeReward":{"count":2,"max":75.79778,"min":43.1987877,"value":43.1987877,"weightedAverage":67.64803}},"self":143.3224448,"total":149.7162401,"children":{"AgentSendState":{"count":7347,"self":0.18556599999999998,"total":0.4519263,"children":{"CollectObservations":{"count":1224,"self":0.258383,"total":0.258383,"children":null},"CollectDiscreteActionMasks":{"count":1224,"self":0.0079773,"total":0.0079773,"children":null}}},"DecideAction":{"count":7347,"self":5.8950624,"total":5.8950622,"children":null},"AgentAct":{"count":7347,"self":0.045812,"total":0.045812,"children":null}}}