{"count":1,"gauges":{"Snakev3.CumulativeReward":{"count":3,"max":69.59961,"min":-0.200001374,"value":69.59961,"weightedAverage":17.268652}},"self":92.520819199999991,"total":96.314341599999992,"children":{"AgentSendState":{"count":4777,"self":0.1464923,"total":0.94767439999999992,"children":{"CollectObservations":{"count":5570,"self":0.78380699999999992,"total":0.78380699999999992,"children":null},"CollectDiscreteActionMasks":{"count":5570,"self":0.017375099999999997,"total":0.017375099999999997,"children":null}}},"DecideAction":{"count":4777,"self":2.8339895999999998,"total":2.8339895,"children":null},"AgentAct":{"count":4777,"self":0.010870999999999999,"total":0.010870999999999999,"children":null}}}