{"count":1,"gauges":{"Snakev3.CumulativeReward":{"count":4,"max":55.79979,"min":19.9000359,"value":29.7000618,"weightedAverage":30.3609371}},"self":111.51855359999999,"total":115.80753999999999,"children":{"AgentSendState":{"count":5753,"self":0.21762479999999998,"total":0.8331343,"children":{"CollectObservations":{"count":6708,"self":0.5870348,"total":0.5870348,"children":null},"CollectDiscreteActionMasks":{"count":6708,"self":0.0284747,"total":0.0284747,"children":null}}},"DecideAction":{"count":5753,"self":3.4344116,"total":3.4344115,"children":null},"AgentAct":{"count":5753,"self":0.0194336,"total":0.0194336,"children":null}}}