{"count":1,"gauges":{"Snakev3.CumulativeReward":{"count":5,"max":42.49993,"min":-1.00000119,"value":27.5000534,"weightedAverage":16.5769653}},"self":152.0762112,"total":157.6042239,"children":{"AgentSendState":{"count":7839,"self":0.23279699999999998,"total":1.1727827,"children":{"CollectObservations":{"count":9140,"self":0.90936259999999991,"total":0.90936259999999991,"children":null},"CollectDiscreteActionMasks":{"count":9140,"self":0.0306231,"total":0.0306231,"children":null}}},"DecideAction":{"count":7839,"self":4.3175888,"total":4.3175889,"children":null},"AgentAct":{"count":7839,"self":0.0366479,"total":0.0366479,"children":null}}}