{"count":1,"gauges":{"neuronalSnake.CumulativeReward":{"count":1,"max":19.19969,"min":19.19969,"value":19.19969,"weightedAverage":19.19969}},"self":183.48476159999998,"total":193.5724325,"children":{"AgentSendState":{"count":9597,"self":0.3361046,"total":1.3892818999999998,"children":{"CollectObservations":{"count":1599,"self":1.0400878,"total":1.0400878,"children":null},"CollectDiscreteActionMasks":{"count":1599,"self":0.013089499999999999,"total":0.013089499999999999,"children":null}}},"DecideAction":{"count":9597,"self":8.5804824,"total":8.5804825,"children":null},"AgentAct":{"count":9597,"self":0.1149224,"total":0.1149224,"children":null}}}