{"count":1,"gauges":{},"self":6.1393172,"total":6.4437606999999995,"children":{"AgentSendState":{"count":227,"self":0.0109432,"total":0.0299176,"children":{"CollectObservations":{"count":37,"self":0.0179792,"total":0.0179792,"children":null},"CollectDiscreteActionMasks":{"count":37,"self":0.0009952,"total":0.0009952,"children":null}}},"DecideAction":{"count":227,"self":0.2685315,"total":0.2685315,"children":null},"AgentAct":{"count":227,"self":0.0030034999999999997,"total":0.0030034999999999997,"children":null}}}