{"count":1,"gauges":{"Snake.CumulativeReward":{"count":57,"max":67.3999557,"min":-45.70067,"value":67.3999557,"weightedAverage":28.0868244}},"self":154.52078079999998,"total":236.3250685,"children":{"AgentSendState":{"count":11700,"self":1.5181691,"total":3.9175503999999997,"children":{"CollectObservations":{"count":25350,"self":2.1960398,"total":2.1960398,"children":null},"CollectDiscreteActionMasks":{"count":25350,"self":0.20334149999999998,"total":0.20334149999999998,"children":null}}},"DecideAction":{"count":11700,"self":77.7046336,"total":77.7046319,"children":null},"AgentAct":{"count":11700,"self":0.18010759999999998,"total":0.18010759999999998,"children":null}}}