{"count":1,"gauges":{"Snake.CumulativeReward":{"count":4,"max":39.7999725,"min":14.8000031,"value":38.09999,"weightedAverage":25.69218}},"self":19.9734752,"total":23.6553441,"children":{"AgentSendState":{"count":1143,"self":0.088174099999999991,"total":0.1392261,"children":{"CollectObservations":{"count":2286,"self":0.0370782,"total":0.0370782,"children":null},"CollectDiscreteActionMasks":{"count":2286,"self":0.0139738,"total":0.0139738,"children":null}}},"DecideAction":{"count":1143,"self":3.52962,"total":3.52962,"children":null},"AgentAct":{"count":1143,"self":0.0120214,"total":0.0120214,"children":null}}}