{"count":1,"gauges":{"Snake.CumulativeReward":{"count":5,"max":28.7000141,"min":11.0999985,"value":21.600008,"weightedAverage":18.9761772},"Snakev3.CumulativeReward":{"count":1,"max":25.9000473,"min":25.9000473,"value":25.9000473,"weightedAverage":25.9000473}},"self":25.4346976,"total":30.9449783,"children":{"AgentSendState":{"count":1516,"self":0.08397969999999999,"total":0.1423225,"children":{"CollectObservations":{"count":3283,"self":0.048861499999999995,"total":0.048861499999999995,"children":null},"CollectDiscreteActionMasks":{"count":3283,"self":0.0094813,"total":0.0094813,"children":null}}},"DecideAction":{"count":1516,"self":5.3558824,"total":5.3558822999999993,"children":null},"AgentAct":{"count":1516,"self":0.0100838,"total":0.0100838,"children":null}}}