{"count":1,"gauges":{"neuronalSnake.CumulativeReward":{"count":2064,"max":178.199753,"min":-1.000034,"value":70.89769,"weightedAverage":80.79147}},"self":605.69216,"total":1932.9548281,"children":{"AgentSendState":{"count":125601,"self":56.159046399999994,"total":498.4584518,"children":{"CollectObservations":{"count":1003359,"self":395.98824959999996,"total":395.9882492,"children":null},"CollectDiscreteActionMasks":{"count":1003359,"self":5.8882144,"total":5.8882143,"children":null},"AgentInfo.ToProto":{"count":1003359,"self":19.0139376,"total":40.4229388,"children":{"GenerateSensorData":{"count":1003359,"self":21.4090016,"total":21.409000799999998,"children":null}}}}},"DecideAction":{"count":125601,"self":826.6271744,"total":826.62717409999993,"children":null},"AgentAct":{"count":125601,"self":2.0145602,"total":2.0145602,"children":null},"AgentInfo.ToProto":{"count":2064,"self":0.0687735,"total":0.16050029999999998,"children":{"GenerateSensorData":{"count":2064,"self":0.0917268,"total":0.0917268,"children":null}}}}}