{"count":1,"gauges":{"Snakev3.CumulativeReward":{"count":4794,"max":285.206848,"min":-1.00000191,"value":120.49897,"weightedAverage":105.661331}},"self":611.77671679999992,"total":2218.0704708,"children":{"AgentSendState":{"count":256317,"self":61.986470399999995,"total":653.53144109999994,"children":{"CollectObservations":{"count":2047072,"self":532.8510464,"total":532.851036,"children":null},"CollectDiscreteActionMasks":{"count":2047072,"self":9.1910536,"total":9.1910533,"children":null},"AgentInfo.ToProto":{"count":2047072,"self":24.7266752,"total":49.50288,"children":{"GenerateSensorData":{"count":2047072,"self":24.7762048,"total":24.776204999999997,"children":null}}}}},"DecideAction":{"count":256317,"self":950.5335296,"total":950.53352039999993,"children":null},"AgentAct":{"count":256317,"self":2.0328703999999997,"total":2.0328703999999997,"children":null},"AgentInfo.ToProto":{"count":4794,"self":0.089099,"total":0.19396,"children":{"GenerateSensorData":{"count":4794,"self":0.104861,"total":0.104861,"children":null}}}}}