{"count":1,"gauges":{"neuronalSnake.CumulativeReward":{"count":7,"max":0.2999172,"min":-1.000024,"value":0.2999172,"weightedAverage":-0.6328515}},"self":10.9975768,"total":12.7326281,"children":{"AgentSendState":{"count":566,"self":0.1282568,"total":0.5724899,"children":{"CollectObservations":{"count":4505,"self":0.4172993,"total":0.4172993,"children":null},"CollectDiscreteActionMasks":{"count":4505,"self":0.026933799999999997,"total":0.026933799999999997,"children":null}}},"DecideAction":{"count":566,"self":1.151606,"total":1.151606,"children":null},"AgentAct":{"count":566,"self":0.0099577,"total":0.0099577,"children":null}}}