{"count":1,"gauges":{"Snakev3.CumulativeReward":{"count":1,"max":53.49982,"min":53.49982,"value":53.49982,"weightedAverage":53.49982}},"self":54.977881599999996,"total":66.498157499999991,"children":{"AgentSendState":{"count":3276,"self":0.21749259999999998,"total":0.80848349999999991,"children":{"CollectObservations":{"count":3821,"self":0.5840215,"total":0.5840215,"children":null},"CollectDiscreteActionMasks":{"count":3821,"self":0.0069694,"total":0.0069694,"children":null}}},"DecideAction":{"count":3276,"self":10.690812,"total":10.690811799999999,"children":null},"AgentAct":{"count":3276,"self":0.0199558,"total":0.0199558,"children":null}}}